-- phpMyAdmin SQL Dump
-- version 3.2.4
-- http://www.phpmyadmin.net
--
-- Servidor: localhost
-- Tiempo de generación: 30-06-2011 a las 13:28:04
-- Versión del servidor: 5.1.41
-- Versión de PHP: 5.3.1

SET SQL_MODE="NO_AUTO_VALUE_ON_ZERO";


/*!40101 SET @OLD_CHARACTER_SET_CLIENT=@@CHARACTER_SET_CLIENT */;
/*!40101 SET @OLD_CHARACTER_SET_RESULTS=@@CHARACTER_SET_RESULTS */;
/*!40101 SET @OLD_COLLATION_CONNECTION=@@COLLATION_CONNECTION */;
/*!40101 SET NAMES utf8 */;

--
-- Base de datos: `geobase`
---- --------------------------------------------------------

--
-- Estructura de tabla para la tabla `state`
--

CREATE TABLE IF NOT EXISTS `state` (
  `name` varchar(30) NOT NULL,
  `abbreviation` varchar(2) NOT NULL,
  `capital` varchar(30) NOT NULL,
  `population` int(11) NOT NULL,
  `area` int(11) NOT NULL,
  `state_number` int(11) NOT NULL,
  `highest_point` varchar(30) NOT NULL,
  `highest_elevation` int(11) NOT NULL,
  `lowest_point` varchar(30) NOT NULL,
  `lowest_elevation` int(11) NOT NULL,
  PRIMARY KEY (`name`)
) ENGINE=MyISAM DEFAULT CHARSET=latin1;

--
-- Volcar la base de datos para la tabla `state`
--

INSERT INTO `state` (`name`, `abbreviation`, `capital`, `population`, `area`, `state_number`, `highest_point`, `highest_elevation`, `lowest_point`, `lowest_elevation`) VALUES
('connecticut', 'ct', 'hartford', 3107000, 5020, 5, 'mount frissell', 725, 'long island sound', 0),
('colorado', 'co', 'denver', 2889000, 104000, 38, 'mount elbert', 4399, 'arkansas river', 1021),
('california', 'ca', 'sacramento', 23670000, 158000, 31, 'mount whitney', 4418, 'death valley', -85),
('arkansas', 'ar', 'little rock', 2286000, 53200, 25, 'magazine mountain', 839, 'ouachita river', 17),
('arizona', 'az', 'phoenix', 2718000, 114000, 48, 'humphreys peak', 3851, 'colorado river', 21),
('alaska', 'ak', 'juneau', 401800, 591000, 49, 'mount mckinley', 6194, 'pacific ocean', 0),
('alabama', 'al', 'montgomery', 3894000, 51700, 22, 'cheaha mountain', 734, 'gulf of mexico', 0),
('delaware', 'de', 'dover', 594000, 2044, 1, 'centerville', 135, 'atlantic ocean', 0),
('district of columbia', 'dc', 'washington', 638000, 1100, 0, 'tenleytown', 125, 'potomac river', 0),
('florida', 'fl', 'tallahassee', 9746000, 68664, 27, 'walton county', 105, 'atlantic ocean', 0),
('georgia', 'ga', 'atlanta', 5463000, 58900, 4, 'brasstown bald', 1458, 'atlantic ocean', 0),
('hawaii', 'hi', 'honolulu', 964000, 6471, 50, 'mauna kea', 4205, 'pacific ocean', 0),
('idaho', 'id', 'boise', 944000, 83000, 43, 'borah peak', 3859, 'snake river', 216),
('illinois', 'il', 'springfield', 11400000, 56300, 21, 'charles mound', 376, 'mississippi river', 85),
('indiana', 'in', 'indianapolis', 5490000, 36200, 19, 'franklin township', 383, 'ohio river', 98),
('iowa', 'ia', 'des moines', 2913000, 56300, 29, 'ocheyedan mound', 511, 'mississippi river', 146),
('kansas', 'ks', 'topeka', 2364000, 82300, 34, 'mount sunflower', 1231, 'verdigris river', 207),
('kentucky', 'ky', 'frankfort', 2364000, 82300, 15, 'black mountain', 1263, 'mississippi river', 78),
('louisiana', 'la', 'baton rouge', 4206000, 47700, 18, 'driskill mountain', 163, 'new orleans', -1),
('maine', 'me', 'augusta', 1125000, 33265, 23, 'mount katahdin', 1606, 'atlantic ocean', 0),
('maryland', 'md', 'annapolis', 4217000, 10460, 7, 'backbone mountain', 1024, 'atlantic ocean', 0),
('massachusetts', 'ma', 'boston', 5737000, 8284, 6, 'mount greylock', 1064, 'atlantic ocean', 0),
('michigan', 'mi', 'lansing', 9262000, 58500, 26, 'mount curwood', 604, 'lake erie', 174),
('minnesota', 'mn', 'st. paul', 4076000, 84400, 32, 'eagle mountain', 701, 'lake superior', 183),
('mississippi', 'ms', 'jackson', 2520000, 47700, 20, 'woodall mountain', 246, 'gulf of mexico', 0),
('missouri', 'mo', 'jefferson city', 4916000, 69700, 24, 'taum sauk mountain', 540, 'st. francis river', 70),
('montana', 'mt', 'helena', 786700, 147000, 41, 'granite peak', 3901, 'kootenai river', 549),
('nebraska', 'ne', 'lincoln', 1569000, 77300, 37, 'johnson township', 1654, 'southeast corner', 256),
('nevada', 'nv', 'carson city', 800500, 110500, 36, 'boundary peak', 4005, 'colorado river', 143),
('new hampshire', 'nh', 'concord', 920600, 9279, 9, 'mount washington', 1917, 'atlantic ocean', 0),
('new jersey', 'nj', 'trenton', 7365000, 7787, 3, 'high point', 550, 'atlantic ocean', 0),
('new mexico', 'nm', 'santa fe', 1303000, 121600, 47, 'wheeler peak', 4011, 'red bluff reservoir', 859),
('new york', 'ny', 'albany', 17558000, 49100, 11, 'mount marcy', 1629, 'atlantic ocean', 0),
('north carolina', 'nc', 'raleigh', 5882000, 52670, 12, 'mount mitchell', 2037, 'atlantic ocean', 0),
('north dakota', 'nd', 'bismarck', 652700, 70700, 39, 'white butte', 1069, 'red river', 229),
('ohio', 'oh', 'columbus', 10800000, 41300, 17, 'campbell hill', 472, 'ohio river', 132),
('oklahoma', 'ok', 'oklahoma city', 3025000, 69950, 46, 'black mesa', 1516, 'little river', 87),
('oregon', 'or', 'salem', 2633000, 97073, 33, 'mount hood', 3424, 'pacific ocean', 0),
('pennsylvania', 'pa', 'harrisburg', 11863000, 45308, 2, 'mount davis', 979, 'delaware river', 0),
('rhode island', 'ri', 'providence', 947200, 1212, 13, 'jerimoth hill', 247, 'atlantic ocean', 0),
('south carolina', 'sc', 'columbia', 3121800, 31113, 8, 'sassafras mountain', 1085, 'atlantic ocean', 0),
('south dakota', 'sd', 'pierre', 690767, 77116, 40, 'harney peak', 2207, 'big stone lake', 284),
('tennessee', 'tn', 'nashville', 4591000, 42140, 16, 'clingmans dome', 2025, 'mississippi river', 55),
('texas', 'tx', 'austin', 14229000, 266807, 28, 'guadalupe peak', 2667, 'gulf of mexico', 0),
('utah', 'ut', 'salt lake city', 1461000, 84900, 45, 'kings peak', 4123, 'beaver dam creek', 610),
('vermont', 'vt', 'montpelier', 511500, 9614, 14, 'mount mansfield', 1339, 'lake champlain', 29),
('virginia', 'va', 'richmond', 5346800, 40760, 10, 'mount rogers', 1746, 'atlantic ocean', 0),
('washington', 'wa', 'olympia', 4113200, 68139, 42, 'mount rainier', 4392, 'pacific ocean', 0),
('west virginia', 'wv', 'charleston', 1950000, 24200, 35, 'spruce knob', 1482, 'potomac river', 73),
('wisconsin', 'wi', 'madison', 4700000, 56153, 30, 'timms hill', 595, 'lake michigan', 177),
('wyoming', 'wy', 'cheyenne', 469557, 97809, 44, 'gannett peak', 4202, 'belle fourche river', 945);

-- --------------------------------------------------------

-- --------------------------------------------------------

--
-- Estructura de tabla para la tabla `border`
--

CREATE TABLE IF NOT EXISTS `border` (
  `state1` varchar(30) NOT NULL,
  `state2` varchar(30) NOT NULL,
  PRIMARY KEY (`state1`,`state2`)
) ENGINE=MyISAM DEFAULT CHARSET=latin1;

--
-- Volcar la base de datos para la tabla `border`
--

INSERT INTO `border` (`state1`, `state2`) VALUES
('alabama', 'florida'),
('alabama', 'georgia'),
('alabama', 'mississippi'),
('alabama', 'tennessee'),
('arizona', 'california'),
('arizona', 'colorado'),
('arizona', 'nevada'),
('arizona', 'new mexico'),
('arizona', 'utah'),
('arkansas', 'louisiana'),
('arkansas', 'mississippi'),
('arkansas', 'missouri'),
('arkansas', 'oklahoma'),
('arkansas', 'tennessee'),
('arkansas', 'texas'),
('california', 'arizona'),
('california', 'nevada'),
('california', 'oregon'),
('colorado', 'arizona'),
('colorado', 'kansas'),
('colorado', 'nebraska'),
('colorado', 'new mexico'),
('colorado', 'oklahoma'),
('colorado', 'utah'),
('colorado', 'wyoming'),
('connecticut', 'massachusetts'),
('connecticut', 'new york'),
('connecticut', 'rhode island'),
('delaware', 'maryland'),
('delaware', 'new jersey'),
('delaware', 'pennsylvania'),
('district of columbia', 'maryland'),
('district of columbia', 'virginia'),
('florida', 'alabama'),
('florida', 'georgia'),
('georgia', 'alabama'),
('georgia', 'florida'),
('georgia', 'north carolina'),
('georgia', 'south carolina'),
('georgia', 'tennessee'),
('idaho', 'montana'),
('idaho', 'nevada'),
('idaho', 'oregon'),
('idaho', 'utah'),
('idaho', 'washington'),
('idaho', 'wyoming'),
('illinois', 'indiana'),
('illinois', 'iowa'),
('illinois', 'kentucky'),
('illinois', 'missouri'),
('illinois', 'wisconsin'),
('indiana', 'illinois'),
('indiana', 'kentucky'),
('indiana', 'michigan'),
('indiana', 'ohio'),
('iowa', 'illinois'),
('iowa', 'minnesota'),
('iowa', 'missouri'),
('iowa', 'nebraska'),
('iowa', 'south dakota'),
('iowa', 'wisconsin'),
('kansas', 'colorado'),
('kansas', 'missouri'),
('kansas', 'nebraska'),
('kansas', 'oklahoma'),
('kentucky', 'illinois'),
('kentucky', 'indiana'),
('kentucky', 'missouri'),
('kentucky', 'ohio'),
('kentucky', 'tennessee'),
('kentucky', 'virginia'),
('kentucky', 'west virginia'),
('louisiana', 'arkansas'),
('louisiana', 'mississippi'),
('louisiana', 'texas'),
('maine', 'new hampshire'),
('maryland', 'delaware'),
('maryland', 'district of columbia'),
('maryland', 'pennsylvania'),
('maryland', 'virginia'),
('maryland', 'west virginia'),
('massachusetts', 'connecticut'),
('massachusetts', 'new hampshire'),
('massachusetts', 'new york'),
('massachusetts', 'rhode island'),
('massachusetts', 'vermont'),
('michigan', 'indiana'),
('michigan', 'ohio'),
('michigan', 'wisconsin'),
('minnesota', 'iowa'),
('minnesota', 'north dakota'),
('minnesota', 'south dakota'),
('minnesota', 'wisconsin'),
('mississippi', 'alabama'),
('mississippi', 'arkansas'),
('mississippi', 'louisiana'),
('mississippi', 'tennessee'),
('missouri', 'arkansas'),
('missouri', 'illinois'),
('missouri', 'iowa'),
('missouri', 'kansas'),
('missouri', 'kentucky'),
('missouri', 'nebraska'),
('missouri', 'oklahoma'),
('missouri', 'tennessee'),
('montana', 'idaho'),
('montana', 'north dakota'),
('montana', 'south dakota'),
('montana', 'wyoming'),
('nebraska', 'colorado'),
('nebraska', 'iowa'),
('nebraska', 'kansas'),
('nebraska', 'missouri'),
('nebraska', 'south dakota'),
('nebraska', 'wyoming'),
('nevada', 'arizona'),
('nevada', 'california'),
('nevada', 'idaho'),
('nevada', 'oregon'),
('nevada', 'utah'),
('new hampshire', 'maine'),
('new hampshire', 'massachusetts'),
('new hampshire', 'vermont'),
('new jersey', 'delaware'),
('new jersey', 'new york'),
('new jersey', 'pennsylvania'),
('new mexico', 'arizona'),
('new mexico', 'colorado'),
('new mexico', 'oklahoma'),
('new mexico', 'texas'),
('new mexico', 'utah'),
('new york', 'connecticut'),
('new york', 'massachusetts'),
('new york', 'new jersey'),
('new york', 'pennsylvania'),
('new york', 'vermont'),
('north carolina', 'georgia'),
('north carolina', 'south carolina'),
('north carolina', 'tennessee'),
('north carolina', 'virginia'),
('north dakota', 'minnesota'),
('north dakota', 'montana'),
('north dakota', 'south dakota'),
('ohio', 'indiana'),
('ohio', 'kentucky'),
('ohio', 'michigan'),
('ohio', 'pennsylvania'),
('ohio', 'west virginia'),
('oklahoma', 'arkansas'),
('oklahoma', 'colorado'),
('oklahoma', 'kansas'),
('oklahoma', 'missouri'),
('oklahoma', 'new mexico'),
('oklahoma', 'texas'),
('oregon', 'california'),
('oregon', 'idaho'),
('oregon', 'nevada'),
('oregon', 'washington'),
('pennsylvania', 'delaware'),
('pennsylvania', 'maryland'),
('pennsylvania', 'new jersey'),
('pennsylvania', 'new york'),
('pennsylvania', 'ohio'),
('pennsylvania', 'west virginia'),
('rhode island', 'connecticut'),
('rhode island', 'massachusetts'),
('south carolina', 'georgia'),
('south carolina', 'north carolina'),
('south dakota', 'iowa'),
('south dakota', 'minnesota'),
('south dakota', 'montana'),
('south dakota', 'nebraska'),
('south dakota', 'north dakota'),
('south dakota', 'wyoming'),
('tennessee', 'alabama'),
('tennessee', 'arkansas'),
('tennessee', 'georgia'),
('tennessee', 'kentucky'),
('tennessee', 'mississippi'),
('tennessee', 'missouri'),
('tennessee', 'north carolina'),
('tennessee', 'virginia'),
('texas', 'arkansas'),
('texas', 'louisiana'),
('texas', 'new mexico'),
('texas', 'oklahoma'),
('utah', 'arizona'),
('utah', 'colorado'),
('utah', 'idaho'),
('utah', 'nevada'),
('utah', 'new mexico'),
('utah', 'wyoming'),
('vermont', 'massachusetts'),
('vermont', 'new hampshire'),
('vermont', 'new york'),
('virginia', 'district of columbia'),
('virginia', 'kentucky'),
('virginia', 'maryland'),
('virginia', 'north carolina'),
('virginia', 'tennessee'),
('virginia', 'west virginia'),
('washington', 'idaho'),
('washington', 'oregon'),
('west virginia', 'kentucky'),
('west virginia', 'maryland'),
('west virginia', 'ohio'),
('west virginia', 'pennsylvania'),
('west virginia', 'virginia'),
('wisconsin', 'illinois'),
('wisconsin', 'iowa'),
('wisconsin', 'michigan'),
('wisconsin', 'minnesota'),
('wyoming', 'colorado'),
('wyoming', 'idaho'),
('wyoming', 'montana'),
('wyoming', 'nebraska'),
('wyoming', 'south dakota'),
('wyoming', 'utah');

-- --------------------------------------------------------

--
-- Estructura de tabla para la tabla `city`
--

CREATE TABLE IF NOT EXISTS `city` (
  `id` int(11) NOT NULL,
  `name` varchar(30) NOT NULL,
  `population` int(11) NOT NULL,
  PRIMARY KEY (`id`)
) ENGINE=MyISAM DEFAULT CHARSET=latin1;

--
-- Volcar la base de datos para la tabla `city`
--

INSERT INTO `city` (`id`, `name`, `population`) VALUES
(0, 'birmingham', 284413),
(1, 'mobile', 200452),
(2, 'montgomery', 177857),
(3, 'huntsville', 142513),
(4, 'tuscaloosa', 75143),
(5, 'anchorage', 174431),
(6, 'phoenix', 789704),
(7, 'tucson', 330537),
(8, 'mesa', 152453),
(9, 'tempe', 106919),
(10, 'glendale', 96988),
(11, 'scottsdale', 88622),
(12, 'little rock', 158915),
(13, 'fort smith', 71384),
(14, 'north little rock', 64388),
(15, 'los angeles', 2966850),
(16, 'san diego', 875538),
(17, 'san francisco', 678974),
(18, 'san jose', 629442),
(19, 'long beach', 361334),
(20, 'oakland', 339337),
(21, 'sacramento', 275741),
(22, 'anaheim', 219311),
(23, 'fresno', 218202),
(24, 'santa ana', 203713),
(25, 'riverside', 170876),
(26, 'huntington beach', 170505),
(27, 'stockton', 149779),
(28, 'glendale', 139060),
(29, 'fremont', 131945),
(30, 'torrance', 131497),
(31, 'garden grove', 123351),
(32, 'san bernardino', 118794),
(33, 'pasadena', 118072),
(34, 'east los angeles', 110017),
(35, 'oxnard', 108195),
(36, 'modesto', 106963),
(37, 'sunnyvale', 106618),
(38, 'bakersfield', 105611),
(39, 'concord', 103763),
(40, 'berkeley', 103328),
(41, 'fullerton', 102246),
(42, 'inglewood', 94162),
(43, 'hayward', 93585),
(44, 'pomona', 92742),
(45, 'orange', 91450),
(46, 'ontario', 88820),
(47, 'santa monica', 88314),
(48, 'santa clara', 87700),
(49, 'citrus heights', 85911),
(50, 'norwalk', 84901),
(51, 'burbank', 84625),
(52, 'chula vista', 83927),
(53, 'santa rosa', 83205),
(54, 'downey', 82602),
(55, 'costa mesa', 82291),
(56, 'compton', 81230),
(57, 'carson', 81221),
(58, 'salinas', 80479),
(59, 'west covina', 80292),
(60, 'vallejo', 80188),
(61, 'el monte', 79494),
(62, 'daly', 78519),
(63, 'thousand oaks', 77797),
(64, 'san mateo', 77640),
(65, 'simi valley', 77500),
(66, 'oceanside', 76698),
(67, 'richmond', 74676),
(68, 'lakewood', 74654),
(69, 'santa barbara', 74542),
(70, 'el cajon', 73892),
(71, 'ventura', 73774),
(72, 'westminster', 71133),
(73, 'whittier', 68558),
(74, 'south gate', 66784),
(75, 'alhambra', 64767),
(76, 'buena park', 64165),
(77, 'san leandro', 63952),
(78, 'alameda', 63852),
(79, 'newport beach', 63475),
(80, 'escondido', 62480),
(81, 'irvine', 62134),
(82, 'mountain view', 58655),
(83, 'fairfield', 58099),
(84, 'redondo beach', 57102),
(85, 'scotts valley', 6037),
(86, 'denver', 492365),
(87, 'colorado springs', 215150),
(88, 'aurora', 158588),
(89, 'lakewood', 113808),
(90, 'pueblo', 101686),
(91, 'arvada', 84576),
(92, 'boulder', 76685),
(93, 'fort collins', 64632),
(94, 'bridgeport', 142546),
(95, 'hartford', 136392),
(96, 'new haven', 126089),
(97, 'waterbury', 103266),
(98, 'stamford', 102466),
(99, 'norwalk', 77767),
(100, 'new britain', 73840),
(101, 'west hartford', 61301),
(102, 'danbury', 60470),
(103, 'greenwich', 59578),
(104, 'bristol', 57370),
(105, 'meriden', 57118),
(106, 'wilmington', 70195),
(107, 'washington', 638333),
(108, 'jacksonville', 540920),
(109, 'miami', 346865),
(110, 'tampa', 271523),
(111, 'st. petersburg', 238647),
(112, 'fort lauderdale', 153256),
(113, 'orlando', 128394),
(114, 'hollywood', 117188),
(115, 'miami beach', 96298),
(116, 'clearwater', 85450),
(117, 'tallahassee', 81548),
(118, 'gainesville', 81371),
(119, 'kendall', 73758),
(120, 'west palm beach', 62530),
(121, 'largo', 58977),
(122, 'pensacola', 57619),
(123, 'atlanta', 425022),
(124, 'columbus', 169441),
(125, 'savannah', 141654),
(126, 'macon', 116860),
(127, 'albany', 74425),
(128, 'honolulu', 762874),
(129, 'ewa', 190037),
(130, 'koolaupoko', 109373),
(131, 'boise', 102249),
(132, 'chicago', 3005172),
(133, 'rockford', 139712),
(134, 'peoria', 124160),
(135, 'springfield', 100054),
(136, 'decatur', 93939),
(137, 'aurora', 81293),
(138, 'joliet', 77956),
(139, 'evanston', 73706),
(140, 'waukegan', 67653),
(141, 'arlington heights', 66116),
(142, 'elgin', 63668),
(143, 'cicero', 61232),
(144, 'oak lawn', 60590),
(145, 'skokie', 60278),
(146, 'champaign', 58267),
(147, 'indianapolis', 700807),
(148, 'fort wayne', 172196),
(149, 'gary', 151968),
(150, 'evansville', 130496),
(151, 'south bend', 109727),
(152, 'hammond', 93714),
(153, 'muncie', 77216),
(154, 'anderson', 64695),
(155, 'terre haute', 61125),
(156, 'des moines', 191003),
(157, 'cedar rapids', 110243),
(158, 'davenport', 103254),
(159, 'sioux', 82003),
(160, 'waterloo', 75985),
(161, 'dubuque', 62321),
(162, 'wichita', 279212),
(163, 'kansas', 161148),
(164, 'topeka', 118690),
(165, 'overland park', 81784),
(166, 'louisville', 298451),
(167, 'lexington', 204165),
(168, 'new orleans', 557515),
(169, 'baton rouge', 219419),
(170, 'shreveport', 205820),
(171, 'metairie', 164160),
(172, 'lafayette', 80584),
(173, 'lake charles', 75051),
(174, 'kenner', 66382),
(175, 'monroe', 57597),
(176, 'portland', 61572),
(177, 'baltimore', 786775),
(178, 'silver spring', 72893),
(179, 'dundalk', 71293),
(180, 'bethesda', 63022),
(181, 'boston', 562994),
(182, 'worcester', 161799),
(183, 'springfield', 152319),
(184, 'new bedford', 98478),
(185, 'cambridge', 95322),
(186, 'brockton', 95172),
(187, 'fall river', 92574),
(188, 'lowell', 92418),
(189, 'quincy', 84743),
(190, 'newton', 83622),
(191, 'lynn', 78471),
(192, 'somerville', 77372),
(193, 'framingham', 65113),
(194, 'lawrence', 63175),
(195, 'waltham', 58200),
(196, 'medford', 58076),
(197, 'detroit', 1203339),
(198, 'grand rapids', 181843),
(199, 'warren', 161134),
(200, 'flint', 159611),
(201, 'lansing', 130414),
(202, 'sterling heights', 108999),
(203, 'ann arbor', 107969),
(204, 'livonia', 104814),
(205, 'dearborn', 90660),
(206, 'westland', 84603),
(207, 'kalamazoo', 79722),
(208, 'taylor', 77568),
(209, 'saginaw', 77508),
(210, 'pontiac', 76715),
(211, 'st. clair shores', 76210),
(212, 'southfield', 75568),
(213, 'clinton', 72400),
(214, 'royal oak', 70893),
(215, 'dearborn heights', 67706),
(216, 'troy', 67102),
(217, 'waterford', 64250),
(218, 'wyoming', 59616),
(219, 'redford', 58441),
(220, 'farmington hills', 58056),
(221, 'minneapolis', 370951),
(222, 'st. paul', 270230),
(223, 'duluth', 92811),
(224, 'bloomington', 81831),
(225, 'rochester', 57906),
(226, 'jackson', 202895),
(227, 'st. louis', 453085),
(228, 'kansas', 448159),
(229, 'springfield', 133116),
(230, 'independence', 111797),
(231, 'st. joseph', 76691),
(232, 'columbia', 62061),
(233, 'billings', 66842),
(234, 'great falls', 56725),
(235, 'omaha', 314255),
(236, 'lincoln', 171932),
(237, 'las vegas', 164674),
(238, 'reno', 100756),
(239, 'manchester', 90936),
(240, 'nashua', 67865),
(241, 'newark', 329248),
(242, 'jersey', 223532),
(243, 'paterson', 137970),
(244, 'elizabeth', 106201),
(245, 'trenton', 92124),
(246, 'woodbridge', 90074),
(247, 'camden', 84910),
(248, 'east orange', 77878),
(249, 'clifton', 74388),
(250, 'edison', 70193),
(251, 'cherry hill', 68785),
(252, 'bayonne', 65047),
(253, 'middletown', 61615),
(254, 'irvington', 61493),
(255, 'albuquerque', 331767),
(256, 'new york', 7071639),
(257, 'buffalo', 357870),
(258, 'rochester', 241741),
(259, 'yonkers', 195351),
(260, 'syracuse', 170105),
(261, 'albany', 101727),
(262, 'cheektowaga', 92145),
(263, 'utica', 75632),
(264, 'niagara falls', 71384),
(265, 'new rochelle', 70794),
(266, 'schenectady', 67972),
(267, 'mount vernon', 66713),
(268, 'irondequoit', 57648),
(269, 'levittown', 57045),
(270, 'charlotte', 314447),
(271, 'greensboro', 155642),
(272, 'raleigh', 149771),
(273, 'winston-salem', 131885),
(274, 'durham', 100538),
(275, 'high point', 64107),
(276, 'fayetteville', 59507),
(277, 'fargo', 61308),
(278, 'cleveland', 573822),
(279, 'columbus', 564871),
(280, 'cincinnati', 385457),
(281, 'toledo', 354635),
(282, 'akron', 237177),
(283, 'dayton', 203371),
(284, 'youngstown', 115436),
(285, 'canton', 93077),
(286, 'parma', 92548),
(287, 'lorain', 75416),
(288, 'springfield', 72563),
(289, 'hamilton', 63189),
(290, 'lakewood', 61963),
(291, 'kettering', 61186),
(292, 'euclid', 59999),
(293, 'elyria', 57504),
(294, 'oklahoma', 403213),
(295, 'tulsa', 360919),
(296, 'lawton', 80054),
(297, 'norman', 68020),
(298, 'portland', 366383),
(299, 'eugene', 105664),
(300, 'salem', 89233),
(301, 'philadelphia', 1688210),
(302, 'pittsburgh', 423938),
(303, 'erie', 119123),
(304, 'allentown', 103758),
(305, 'scranton', 88117),
(306, 'upper darby', 84054),
(307, 'reading', 78686),
(308, 'bethlehem', 70419),
(309, 'lower merion', 59651),
(310, 'abingdon', 59084),
(311, 'bristol township', 58733),
(312, 'penn hills', 57632),
(313, 'altoona', 57078),
(314, 'providence', 156804),
(315, 'warwick', 87123),
(316, 'cranston', 71992),
(317, 'pawtucket', 71204),
(318, 'columbia', 101229),
(319, 'charleston', 69855),
(320, 'north charleston', 62504),
(321, 'greenville', 58242),
(322, 'sioux falls', 81343),
(323, 'memphis', 646356),
(324, 'nashville', 455651),
(325, 'knoxville', 175030),
(326, 'chattanooga', 169728),
(327, 'houston', 1595138),
(328, 'dallas', 904078),
(329, 'san antonio', 785880),
(330, 'el paso', 425259),
(331, 'fort worth', 385164),
(332, 'austin', 345496),
(333, 'corpus christi', 231999),
(334, 'lubbock', 173979),
(335, 'arlington', 160123),
(336, 'amarillo', 149230),
(337, 'garland', 138857),
(338, 'beaumont', 118102),
(339, 'pasadena', 112560),
(340, 'irving', 109943),
(341, 'waco', 101261),
(342, 'abilene', 98315),
(343, 'wichita falls', 94201),
(344, 'laredo', 91449),
(345, 'odessa', 90027),
(346, 'brownsville', 84997),
(347, 'san angelo', 73240),
(348, 'richardson', 72496),
(349, 'plano', 72331),
(350, 'grand prairie', 71462),
(351, 'midland', 70525),
(352, 'tyler', 70508),
(353, 'mesquite', 67053),
(354, 'mcallen', 67042),
(355, 'longview', 62762),
(356, 'port arthur', 61195),
(357, 'salt lake', 163034),
(358, 'provo', 74111),
(359, 'west valley', 72299),
(360, 'ogden', 64407),
(361, 'norfolk', 266979),
(362, 'virginia beach', 262199),
(363, 'richmond', 219214),
(364, 'arlington', 152599),
(365, 'newport news', 144903),
(366, 'hampton', 122617),
(367, 'chesapeake', 114226),
(368, 'portsmouth', 104577),
(369, 'alexandria', 103217),
(370, 'roanoke', 100427),
(371, 'lynchburg', 66743),
(372, 'seattle', 493846),
(373, 'spokane', 171300),
(374, 'tacoma', 158501),
(375, 'bellevue', 73903),
(376, 'charleston', 63968),
(377, 'huntington', 63684),
(378, 'milwaukee', 636212),
(379, 'madison', 170616),
(380, 'green bay', 87899),
(381, 'racine', 85725),
(382, 'kenosha', 77685),
(383, 'west allis', 63982),
(384, 'appleton', 58913),
(385, 'casper', 51016);

-- --------------------------------------------------------

--
-- Estructura de tabla para la tabla `city_in_state`
--

CREATE TABLE IF NOT EXISTS `city_in_state` (
  `city` int(11) NOT NULL,
  `state` varchar(30) NOT NULL,
  PRIMARY KEY (`city`,`state`)
) ENGINE=MyISAM DEFAULT CHARSET=latin1;

--
-- Volcar la base de datos para la tabla `city_in_state`
--

INSERT INTO `city_in_state` (`city`, `state`) VALUES
(0, 'alabama'),
(1, 'alabama'),
(2, 'alabama'),
(3, 'alabama'),
(4, 'alabama'),
(5, 'alaska'),
(6, 'arizona'),
(7, 'arizona'),
(8, 'arizona'),
(9, 'arizona'),
(10, 'arizona'),
(11, 'arizona'),
(12, 'arkansas'),
(13, 'arkansas'),
(14, 'arkansas'),
(15, 'california'),
(16, 'california'),
(17, 'california'),
(18, 'california'),
(19, 'california'),
(20, 'california'),
(21, 'california'),
(22, 'california'),
(23, 'california'),
(24, 'california'),
(25, 'california'),
(26, 'california'),
(27, 'california'),
(28, 'california'),
(29, 'california'),
(30, 'california'),
(31, 'california'),
(32, 'california'),
(33, 'california'),
(34, 'california'),
(35, 'california'),
(36, 'california'),
(37, 'california'),
(38, 'california'),
(39, 'california'),
(40, 'california'),
(41, 'california'),
(42, 'california'),
(43, 'california'),
(44, 'california'),
(45, 'california'),
(46, 'california'),
(47, 'california'),
(48, 'california'),
(49, 'california'),
(50, 'california'),
(51, 'california'),
(52, 'california'),
(53, 'california'),
(54, 'california'),
(55, 'california'),
(56, 'california'),
(57, 'california'),
(58, 'california'),
(59, 'california'),
(60, 'california'),
(61, 'california'),
(62, 'california'),
(63, 'california'),
(64, 'california'),
(65, 'california'),
(66, 'california'),
(67, 'california'),
(68, 'california'),
(69, 'california'),
(70, 'california'),
(71, 'california'),
(72, 'california'),
(73, 'california'),
(74, 'california'),
(75, 'california'),
(76, 'california'),
(77, 'california'),
(78, 'california'),
(79, 'california'),
(80, 'california'),
(81, 'california'),
(82, 'california'),
(83, 'california'),
(84, 'california'),
(85, 'california'),
(86, 'colorado'),
(87, 'colorado'),
(88, 'colorado'),
(89, 'colorado'),
(90, 'colorado'),
(91, 'colorado'),
(92, 'colorado'),
(93, 'colorado'),
(94, 'connecticut'),
(95, 'connecticut'),
(96, 'connecticut'),
(97, 'connecticut'),
(98, 'connecticut'),
(99, 'connecticut'),
(100, 'connecticut'),
(101, 'connecticut'),
(102, 'connecticut'),
(103, 'connecticut'),
(104, 'connecticut'),
(105, 'connecticut'),
(106, 'delaware'),
(107, 'district of columbia'),
(108, 'florida'),
(109, 'florida'),
(110, 'florida'),
(111, 'florida'),
(112, 'florida'),
(113, 'florida'),
(114, 'florida'),
(115, 'florida'),
(116, 'florida'),
(117, 'florida'),
(118, 'florida'),
(119, 'florida'),
(120, 'florida'),
(121, 'florida'),
(122, 'florida'),
(123, 'georgia'),
(124, 'georgia'),
(125, 'georgia'),
(126, 'georgia'),
(127, 'georgia'),
(128, 'hawaii'),
(129, 'hawaii'),
(130, 'hawaii'),
(131, 'idaho'),
(132, 'illinois'),
(133, 'illinois'),
(134, 'illinois'),
(135, 'illinois'),
(136, 'illinois'),
(137, 'illinois'),
(138, 'illinois'),
(139, 'illinois'),
(140, 'illinois'),
(141, 'illinois'),
(142, 'illinois'),
(143, 'illinois'),
(144, 'illinois'),
(145, 'illinois'),
(146, 'illinois'),
(147, 'indiana'),
(148, 'indiana'),
(149, 'indiana'),
(150, 'indiana'),
(151, 'indiana'),
(152, 'indiana'),
(153, 'indiana'),
(154, 'indiana'),
(155, 'indiana'),
(156, 'iowa'),
(157, 'iowa'),
(158, 'iowa'),
(159, 'iowa'),
(160, 'iowa'),
(161, 'iowa'),
(162, 'kansas'),
(163, 'kansas'),
(164, 'kansas'),
(165, 'kansas'),
(166, 'kentucky'),
(167, 'kentucky'),
(168, 'louisiana'),
(169, 'louisiana'),
(170, 'louisiana'),
(171, 'louisiana'),
(172, 'louisiana'),
(173, 'louisiana'),
(174, 'louisiana'),
(175, 'louisiana'),
(176, 'maine'),
(177, 'maryland'),
(178, 'maryland'),
(179, 'maryland'),
(180, 'maryland'),
(181, 'massachusetts'),
(182, 'massachusetts'),
(183, 'massachusetts'),
(184, 'massachusetts'),
(185, 'massachusetts'),
(186, 'massachusetts'),
(187, 'massachusetts'),
(188, 'massachusetts'),
(189, 'massachusetts'),
(190, 'massachusetts'),
(191, 'massachusetts'),
(192, 'massachusetts'),
(193, 'massachusetts'),
(194, 'massachusetts'),
(195, 'massachusetts'),
(196, 'massachusetts'),
(197, 'michigan'),
(198, 'michigan'),
(199, 'michigan'),
(200, 'michigan'),
(201, 'michigan'),
(202, 'michigan'),
(203, 'michigan'),
(204, 'michigan'),
(205, 'michigan'),
(206, 'michigan'),
(207, 'michigan'),
(208, 'michigan'),
(209, 'michigan'),
(210, 'michigan'),
(211, 'michigan'),
(212, 'michigan'),
(213, 'michigan'),
(214, 'michigan'),
(215, 'michigan'),
(216, 'michigan'),
(217, 'michigan'),
(218, 'michigan'),
(219, 'michigan'),
(220, 'michigan'),
(221, 'minnesota'),
(222, 'minnesota'),
(223, 'minnesota'),
(224, 'minnesota'),
(225, 'minnesota'),
(226, 'mississippi'),
(227, 'missouri'),
(228, 'missouri'),
(229, 'missouri'),
(230, 'missouri'),
(231, 'missouri'),
(232, 'missouri'),
(233, 'montana'),
(234, 'montana'),
(235, 'nebraska'),
(236, 'nebraska'),
(237, 'nevada'),
(238, 'nevada'),
(239, 'new hampshire'),
(240, 'new hampshire'),
(241, 'new jersey'),
(242, 'new jersey'),
(243, 'new jersey'),
(244, 'new jersey'),
(245, 'new jersey'),
(246, 'new jersey'),
(247, 'new jersey'),
(248, 'new jersey'),
(249, 'new jersey'),
(250, 'new jersey'),
(251, 'new jersey'),
(252, 'new jersey'),
(253, 'new jersey'),
(254, 'new jersey'),
(255, 'new mexico'),
(256, 'new york'),
(257, 'new york'),
(258, 'new york'),
(259, 'new york'),
(260, 'new york'),
(261, 'new york'),
(262, 'new york'),
(263, 'new york'),
(264, 'new york'),
(265, 'new york'),
(266, 'new york'),
(267, 'new york'),
(268, 'new york'),
(269, 'new york'),
(270, 'north carolina'),
(271, 'north carolina'),
(272, 'north carolina'),
(273, 'north carolina'),
(274, 'north carolina'),
(275, 'north carolina'),
(276, 'north carolina'),
(277, 'north dakota'),
(278, 'ohio'),
(279, 'ohio'),
(280, 'ohio'),
(281, 'ohio'),
(282, 'ohio'),
(283, 'ohio'),
(284, 'ohio'),
(285, 'ohio'),
(286, 'ohio'),
(287, 'ohio'),
(288, 'ohio'),
(289, 'ohio'),
(290, 'ohio'),
(291, 'ohio'),
(292, 'ohio'),
(293, 'ohio'),
(294, 'oklahoma'),
(295, 'oklahoma'),
(296, 'oklahoma'),
(297, 'oklahoma'),
(298, 'oregon'),
(299, 'oregon'),
(300, 'oregon'),
(301, 'pennsylvania'),
(302, 'pennsylvania'),
(303, 'pennsylvania'),
(304, 'pennsylvania'),
(305, 'pennsylvania'),
(306, 'pennsylvania'),
(307, 'pennsylvania'),
(308, 'pennsylvania'),
(309, 'pennsylvania'),
(310, 'pennsylvania'),
(311, 'pennsylvania'),
(312, 'pennsylvania'),
(313, 'pennsylvania'),
(314, 'rhode island'),
(315, 'rhode island'),
(316, 'rhode island'),
(317, 'rhode island'),
(318, 'south carolina'),
(319, 'south carolina'),
(320, 'south carolina'),
(321, 'south carolina'),
(322, 'south dakota'),
(323, 'tennessee'),
(324, 'tennessee'),
(325, 'tennessee'),
(326, 'tennessee'),
(327, 'texas'),
(328, 'texas'),
(329, 'texas'),
(330, 'texas'),
(331, 'texas'),
(332, 'texas'),
(333, 'texas'),
(334, 'texas'),
(335, 'texas'),
(336, 'texas'),
(337, 'texas'),
(338, 'texas'),
(339, 'texas'),
(340, 'texas'),
(341, 'texas'),
(342, 'texas'),
(343, 'texas'),
(344, 'texas'),
(345, 'texas'),
(346, 'texas'),
(347, 'texas'),
(348, 'texas'),
(349, 'texas'),
(350, 'texas'),
(351, 'texas'),
(352, 'texas'),
(353, 'texas'),
(354, 'texas'),
(355, 'texas'),
(356, 'texas'),
(357, 'utah'),
(358, 'utah'),
(359, 'utah'),
(360, 'utah'),
(361, 'virginia'),
(362, 'virginia'),
(363, 'virginia'),
(364, 'virginia'),
(365, 'virginia'),
(366, 'virginia'),
(367, 'virginia'),
(368, 'virginia'),
(369, 'virginia'),
(370, 'virginia'),
(371, 'virginia'),
(372, 'washington'),
(373, 'washington'),
(374, 'washington'),
(375, 'washington'),
(376, 'west virginia'),
(377, 'west virginia'),
(378, 'wisconsin'),
(379, 'wisconsin'),
(380, 'wisconsin'),
(381, 'wisconsin'),
(382, 'wisconsin'),
(383, 'wisconsin'),
(384, 'wisconsin'),
(385, 'wyoming');

-- --------------------------------------------------------

--
-- Estructura de tabla para la tabla `country`
--

CREATE TABLE IF NOT EXISTS `country` (
  `name` varchar(30) NOT NULL,
  `population` int(11) NOT NULL,
  `area` int(11) NOT NULL,
  PRIMARY KEY (`name`)
) ENGINE=MyISAM DEFAULT CHARSET=latin1;

--
-- Volcar la base de datos para la tabla `country`
--

INSERT INTO `country` (`name`, `population`, `area`) VALUES
('usa', 307890000, 9826675);

-- --------------------------------------------------------

--
-- Estructura de tabla para la tabla `lake`
--

CREATE TABLE IF NOT EXISTS `lake` (
  `name` varchar(30) NOT NULL,
  `area` int(11) NOT NULL,
  PRIMARY KEY (`name`)
) ENGINE=MyISAM DEFAULT CHARSET=latin1;

--
-- Volcar la base de datos para la tabla `lake`
--

INSERT INTO `lake` (`name`, `area`) VALUES
('superior', 82362),
('huron', 59570),
('michigan', 58016),
('erie', 25667),
('ontario', 19684),
('great salt', 5180),
('of the woods', 4391),
('iliamna', 2675),
('okeechobee', 1810),
('pontchartrain', 1632),
('becharof', 1186),
('red', 1169),
('st. clair', 1119),
('champlain', 1114),
('rainy', 932),
('salton sea', 932),
('teshekpuk', 816),
('naknek', 630),
('winnebago', 557),
('mille lacs', 536),
('flathead', 510),
('tahoe', 497);

-- --------------------------------------------------------

--
-- Estructura de tabla para la tabla `lake_in_state`
--

CREATE TABLE IF NOT EXISTS `lake_in_state` (
  `lake` varchar(30) NOT NULL,
  `state` varchar(30) NOT NULL,
  PRIMARY KEY (`lake`,`state`)
) ENGINE=MyISAM DEFAULT CHARSET=latin1;

--
-- Volcar la base de datos para la tabla `lake_in_state`
--

INSERT INTO `lake_in_state` (`lake`, `state`) VALUES
('becharof', 'alaska'),
('champlain', 'new york'),
('champlain', 'vermont'),
('erie', 'michigan'),
('erie', 'new york'),
('erie', 'ohio'),
('erie', 'pennsylvania'),
('flathead', 'montana'),
('great salt', 'utah'),
('huron', 'michigan'),
('iliamna', 'alaska'),
('michigan', 'illinois'),
('michigan', 'indiana'),
('michigan', 'michigan'),
('michigan', 'wisconsin'),
('mille lacs', 'minnesota'),
('naknek', 'alaska'),
('of the woods', 'minnesota'),
('okeechobee', 'florida'),
('ontario', 'new york'),
('pontchartrain', 'louisiana'),
('rainy', 'minnesota'),
('red', 'minnesota'),
('salton sea', 'california'),
('st. clair', 'michigan'),
('superior', 'michigan'),
('superior', 'minnesota'),
('superior', 'wisconsin'),
('tahoe', 'california'),
('tahoe', 'nevada'),
('teshekpuk', 'alaska'),
('winnebago', 'wisconsin');

-- --------------------------------------------------------

--
-- Estructura de tabla para la tabla `mountain`
--

CREATE TABLE IF NOT EXISTS `mountain` (
  `name` varchar(30) NOT NULL,
  `height` int(11) NOT NULL,
  PRIMARY KEY (`name`)
) ENGINE=MyISAM DEFAULT CHARSET=latin1;

--
-- Volcar la base de datos para la tabla `mountain`
--

INSERT INTO `mountain` (`name`, `height`) VALUES
('mckinley', 6194),
('st. elias', 5489),
('foraker', 5304),
('bona', 5044),
('blackburn', 4996),
('kennedy', 4964),
('sanford', 4949),
('south buttress', 4842),
('vancouver', 4785),
('churchill', 4766),
('fairweather', 4663),
('hubbard', 4577),
('bear', 4520),
('east buttress', 4490),
('hunter', 4442),
('alverstone', 4439),
('browne tower', 4429),
('whitney', 4418),
('elbert', 4399),
('massive', 4396),
('harvard', 4395),
('rainier', 4392),
('williamson', 4382),
('bianca', 4372),
('la plata', 4370),
('uncompahgre', 4361),
('crestone', 4357),
('lincoln', 4354),
('grays', 4349),
('antero', 4349),
('torreys', 4349),
('castle', 4348),
('quandary', 4348),
('evans', 4348),
('longs', 4345),
('wilson', 4342),
('white', 4342),
('north palisade', 4341),
('shavano', 4337),
('belford', 4327),
('princeton', 4327),
('crestone needle', 4327),
('yale', 4327),
('bross', 4320),
('kit carson', 4317),
('wrangell', 4317),
('shasta', 4317),
('sill', 4317),
('el diente', 4316),
('maroon', 4315);

-- --------------------------------------------------------

--
-- Estructura de tabla para la tabla `mountain_in_state`
--

CREATE TABLE IF NOT EXISTS `mountain_in_state` (
  `mountain` varchar(30) NOT NULL,
  `state` varchar(30) NOT NULL,
  PRIMARY KEY (`mountain`,`state`)
) ENGINE=MyISAM DEFAULT CHARSET=latin1;

--
-- Volcar la base de datos para la tabla `mountain_in_state`
--

INSERT INTO `mountain_in_state` (`mountain`, `state`) VALUES
('alverstone', 'alaska'),
('antero', 'colorado'),
('bear', 'alaska'),
('belford', 'colorado'),
('bianca', 'colorado'),
('blackburn', 'alaska'),
('bona', 'alaska'),
('bross', 'colorado'),
('browne tower', 'alaska'),
('castle', 'colorado'),
('churchill', 'alaska'),
('crestone', 'colorado'),
('crestone needle', 'colorado'),
('east buttress', 'alaska'),
('el diente', 'colorado'),
('elbert', 'colorado'),
('evans', 'colorado'),
('fairweather', 'alaska'),
('foraker', 'alaska'),
('grays', 'colorado'),
('harvard', 'colorado'),
('hubbard', 'alaska'),
('hunter', 'alaska'),
('kennedy', 'alaska'),
('kit carson', 'colorado'),
('la plata', 'colorado'),
('lincoln', 'colorado'),
('longs', 'colorado'),
('maroon', 'colorado'),
('massive', 'colorado'),
('mckinley', 'alaska'),
('north palisade', 'california'),
('princeton', 'colorado'),
('quandary', 'colorado'),
('rainier', 'washington'),
('sanford', 'alaska'),
('shasta', 'california'),
('shavano', 'colorado'),
('sill', 'california'),
('south buttress', 'alaska'),
('st. elias', 'alaska'),
('torreys', 'colorado'),
('uncompahgre', 'colorado'),
('vancouver', 'alaska'),
('white', 'california'),
('whitney', 'california'),
('williamson', 'california'),
('wilson', 'colorado'),
('wrangell', 'alaska'),
('yale', 'colorado');

-- --------------------------------------------------------

--
-- Estructura de tabla para la tabla `passes`
--

CREATE TABLE IF NOT EXISTS `passes` (
  `road` int(11) NOT NULL,
  `state` varchar(30) NOT NULL,
  PRIMARY KEY (`road`,`state`)
) ENGINE=MyISAM DEFAULT CHARSET=latin1;

--
-- Volcar la base de datos para la tabla `passes`
--

INSERT INTO `passes` (`road`, `state`) VALUES
(5, 'california'),
(5, 'oregon'),
(5, 'washington'),
(8, 'arizona'),
(8, 'california'),
(10, 'alabama'),
(10, 'arizona'),
(10, 'california'),
(10, 'florida'),
(10, 'louisiana'),
(10, 'mississippi'),
(10, 'new mexico'),
(10, 'texas'),
(15, 'arizona'),
(15, 'california'),
(15, 'idaho'),
(15, 'montana'),
(15, 'nevada'),
(15, 'utah'),
(20, 'alabama'),
(20, 'georgia'),
(20, 'louisiana'),
(20, 'mississippi'),
(20, 'south carolina'),
(20, 'texas'),
(24, 'illinois'),
(24, 'kentucky'),
(24, 'tennessee'),
(25, 'colorado'),
(25, 'new mexico'),
(25, 'wyoming'),
(29, 'iowa'),
(29, 'missouri'),
(29, 'north dakota'),
(29, 'south dakota'),
(30, 'arkansas'),
(30, 'texas'),
(35, 'iowa'),
(35, 'kansas'),
(35, 'minnesota'),
(35, 'missouri'),
(35, 'oklahoma'),
(35, 'texas'),
(40, 'arizona'),
(40, 'arkansas'),
(40, 'california'),
(40, 'new mexico'),
(40, 'north carolina'),
(40, 'oklahoma'),
(40, 'tennessee'),
(40, 'texas'),
(44, 'missouri'),
(44, 'oklahoma'),
(44, 'texas'),
(55, 'arkansas'),
(55, 'illinois'),
(55, 'louisiana'),
(55, 'mississippi'),
(55, 'missouri'),
(55, 'tennessee'),
(57, 'illinois'),
(57, 'missouri'),
(59, 'alabama'),
(59, 'georgia'),
(59, 'tennessee'),
(64, 'illinois'),
(64, 'indiana'),
(64, 'kentucky'),
(64, 'missouri'),
(64, 'virginia'),
(64, 'west virginia'),
(65, 'alabama'),
(65, 'indiana'),
(65, 'kentucky'),
(65, 'tennessee'),
(66, 'district of columbia'),
(66, 'virginia'),
(69, 'indiana'),
(69, 'michigan'),
(70, 'colorado'),
(70, 'district of columbia'),
(70, 'illinois'),
(70, 'indiana'),
(70, 'kansas'),
(70, 'maryland'),
(70, 'missouri'),
(70, 'ohio'),
(70, 'pennsylvania'),
(70, 'utah'),
(71, 'kentucky'),
(71, 'ohio'),
(74, 'illinois'),
(74, 'indiana'),
(74, 'ohio'),
(75, 'florida'),
(75, 'georgia'),
(75, 'kentucky'),
(75, 'michigan'),
(75, 'ohio'),
(75, 'tennessee'),
(76, 'colorado'),
(76, 'nebraska'),
(77, 'north carolina'),
(77, 'ohio'),
(77, 'south carolina'),
(77, 'virginia'),
(77, 'west virginia'),
(78, 'new jersey'),
(78, 'new york'),
(78, 'pennsylvania'),
(79, 'pennsylvania'),
(79, 'west virginia'),
(80, 'california'),
(80, 'illinois'),
(80, 'indiana'),
(80, 'iowa'),
(80, 'nebraska'),
(80, 'nevada'),
(80, 'new jersey'),
(80, 'new york'),
(80, 'ohio'),
(80, 'pennsylvania'),
(80, 'utah'),
(80, 'wyoming'),
(81, 'maryland'),
(81, 'new york'),
(81, 'pennsylvania'),
(81, 'tennessee'),
(81, 'virginia'),
(81, 'west virginia'),
(83, 'maryland'),
(83, 'pennsylvania'),
(84, 'connecticut'),
(84, 'new jersey'),
(84, 'new york'),
(84, 'pennsylvania'),
(85, 'alabama'),
(85, 'georgia'),
(85, 'north carolina'),
(85, 'south carolina'),
(85, 'virginia'),
(86, 'connecticut'),
(86, 'massachusetts'),
(89, 'new hampshire'),
(89, 'vermont'),
(90, 'idaho'),
(90, 'illinois'),
(90, 'indiana'),
(90, 'massachusetts'),
(90, 'minnesota'),
(90, 'montana'),
(90, 'new york'),
(90, 'ohio'),
(90, 'pennsylvania'),
(90, 'south dakota'),
(90, 'washington'),
(90, 'wisconsin'),
(90, 'wyoming'),
(91, 'connecticut'),
(91, 'massachusetts'),
(91, 'vermont'),
(93, 'massachusetts'),
(93, 'new hampshire'),
(93, 'vermont'),
(94, 'illinois'),
(94, 'minnesota'),
(94, 'montana'),
(94, 'north dakota'),
(94, 'wisconsin'),
(95, 'connecticut'),
(95, 'delaware'),
(95, 'district of columbia'),
(95, 'florida'),
(95, 'georgia'),
(95, 'maine'),
(95, 'maryland'),
(95, 'new hampshire'),
(95, 'new jersey'),
(95, 'new york'),
(95, 'north carolina'),
(95, 'rhode island'),
(95, 'south carolina'),
(95, 'virginia');

-- --------------------------------------------------------

--
-- Estructura de tabla para la tabla `river`
--

CREATE TABLE IF NOT EXISTS `river` (
  `name` varchar(30) NOT NULL,
  `length` int(11) NOT NULL,
  PRIMARY KEY (`name`)
) ENGINE=MyISAM DEFAULT CHARSET=latin1;

--
-- Volcar la base de datos para la tabla `river`
--

INSERT INTO `river` (`name`, `length`) VALUES
('mississippi', 3778),
('missouri', 3968),
('colorado', 2333),
('ohio', 1569),
('red', 1638),
('arkansas', 2333),
('canadian', 1458),
('connecticut', 655),
('delaware', 451),
('little missouri', 901),
('snake', 1670),
('chattahoochee', 702),
('cimarron', 965),
('green', 1175),
('north platte', 1094),
('potomac', 462),
('republican', 679),
('rio grande', 3033),
('san juan', 579),
('tennessee', 1049),
('wabash', 764),
('yellowstone', 1080),
('allegheny', 523),
('bighorn', 541),
('cheyenne', 848),
('clark fork', 483),
('columbia', 1953),
('cumberland', 1105),
('dakota', 1142),
('gila', 805),
('hudson', 492),
('neosho', 740),
('niobrara', 693),
('ouachita', 973),
('pearl', 788),
('pecos', 805),
('powder', 603),
('roanoke', 660),
('rock', 459),
('smoky hill', 869),
('south platte', 682),
('st. francis', 684),
('tombigbee', 658),
('washita', 805),
('wateree catawba', 636),
('white', 1110);

-- --------------------------------------------------------

--
-- Estructura de tabla para la tabla `road`
--

CREATE TABLE IF NOT EXISTS `road` (
  `number` int(11) NOT NULL,
  PRIMARY KEY (`number`)
) ENGINE=MyISAM DEFAULT CHARSET=latin1;

--
-- Volcar la base de datos para la tabla `road`
--

INSERT INTO `road` (`number`) VALUES
(5),
(8),
(10),
(15),
(20),
(24),
(25),
(29),
(30),
(35),
(40),
(44),
(55),
(57),
(59),
(64),
(65),
(66),
(69),
(70),
(71),
(74),
(75),
(76),
(77),
(78),
(79),
(80),
(81),
(83),
(84),
(85),
(86),
(89),
(90),
(91),
(93),
(94),
(95);



--
-- Estructura de tabla para la tabla `state_in_country`
--

CREATE TABLE IF NOT EXISTS `state_in_country` (
  `state` varchar(30) NOT NULL,
  `country` varchar(30) NOT NULL
) ENGINE=MyISAM DEFAULT CHARSET=latin1;

--
-- Volcar la base de datos para la tabla `state_in_country`
--

INSERT INTO `state_in_country` (`state`, `country`) VALUES
('utah', 'usa'),
('texas', 'usa'),
('tennessee', 'usa'),
('south dakota', 'usa'),
('south carolina', 'usa'),
('rhode island', 'usa'),
('pennsylvania', 'usa'),
('oregon', 'usa'),
('oklahoma', 'usa'),
('ohio', 'usa'),
('north dakota', 'usa'),
('north carolina', 'usa'),
('new york', 'usa'),
('new mexico', 'usa'),
('new jersey', 'usa'),
('new hampshire', 'usa'),
('nevada', 'usa'),
('nebraska', 'usa'),
('montana', 'usa'),
('missouri', 'usa'),
('mississippi', 'usa'),
('minnesota', 'usa'),
('michigan', 'usa'),
('massachusetts', 'usa'),
('maryland', 'usa'),
('maine', 'usa'),
('louisiana', 'usa'),
('kentucky', 'usa'),
('kansas', 'usa'),
('iowa', 'usa'),
('indiana', 'usa'),
('illinois', 'usa'),
('idaho', 'usa'),
('hawaii', 'usa'),
('georgia', 'usa'),
('florida', 'usa'),
('district of columbia', 'usa'),
('delaware', 'usa'),
('connecticut', 'usa'),
('colorado', 'usa'),
('california', 'usa'),
('arkansas', 'usa'),
('arizona', 'usa'),
('alaska', 'usa'),
('alabama', 'usa'),
('vermont', 'usa'),
('virginia', 'usa'),
('washington', 'usa'),
('west virginia', 'usa'),
('wisconsin', 'usa'),
('wyoming', 'usa');

-- --------------------------------------------------------

--
-- Estructura de tabla para la tabla `through`
--

CREATE TABLE IF NOT EXISTS `through` (
  `river` varchar(30) NOT NULL,
  `state` varchar(30) NOT NULL,
  PRIMARY KEY (`river`,`state`)
) ENGINE=MyISAM DEFAULT CHARSET=latin1;

--
-- Volcar la base de datos para la tabla `through`
--

INSERT INTO `through` (`river`, `state`) VALUES
('allegheny', 'new york'),
('allegheny', 'pennsylvania'),
('arkansas', 'arkansas'),
('arkansas', 'colorado'),
('arkansas', 'kansas'),
('arkansas', 'oklahoma'),
('bighorn', 'montana'),
('bighorn', 'wyoming'),
('canadian', 'colorado'),
('canadian', 'new mexico'),
('canadian', 'oklahoma'),
('canadian', 'texas'),
('chattahoochee', 'florida'),
('chattahoochee', 'georgia'),
('cheyenne', 'north dakota'),
('cheyenne', 'wyoming'),
('cimarron', 'kansas'),
('cimarron', 'new mexico'),
('cimarron', 'oklahoma'),
('clark fork', 'idaho'),
('clark fork', 'montana'),
('colorado', 'arizona'),
('colorado', 'california'),
('colorado', 'colorado'),
('colorado', 'nevada'),
('colorado', 'utah'),
('columbia', 'oregon'),
('columbia', 'washington'),
('connecticut', 'connecticut'),
('connecticut', 'massachusetts'),
('connecticut', 'new hampshire'),
('connecticut', 'vermont'),
('cumberland', 'kentucky'),
('cumberland', 'tennessee'),
('dakota', 'north dakota'),
('dakota', 'south dakota'),
('delaware', 'delaware'),
('delaware', 'new jersey'),
('delaware', 'new york'),
('delaware', 'pennsylvania'),
('gila', 'arizona'),
('gila', 'new mexico'),
('green', 'colorado'),
('green', 'utah'),
('green', 'wyoming'),
('hudson', 'new jersey'),
('hudson', 'new york'),
('little missouri', 'montana'),
('little missouri', 'north dakota'),
('little missouri', 'south dakota'),
('little missouri', 'wyoming'),
('mississippi', 'arkansas'),
('mississippi', 'illinois'),
('mississippi', 'iowa'),
('mississippi', 'kentucky'),
('mississippi', 'louisiana'),
('mississippi', 'minnesota'),
('mississippi', 'mississippi'),
('mississippi', 'missouri'),
('mississippi', 'tennessee'),
('mississippi', 'wisconsin'),
('missouri', 'iowa'),
('missouri', 'missouri'),
('missouri', 'montana'),
('missouri', 'nebraska'),
('missouri', 'north dakota'),
('missouri', 'south dakota'),
('neosho', 'kansas'),
('neosho', 'oklahoma'),
('niobrara', 'nebraska'),
('niobrara', 'wyoming'),
('north platte', 'colorado'),
('north platte', 'nebraska'),
('north platte', 'wyoming'),
('ohio', 'illinois'),
('ohio', 'indiana'),
('ohio', 'kentucky'),
('ohio', 'ohio'),
('ohio', 'pennsylvania'),
('ohio', 'west virginia'),
('ouachita', 'arkansas'),
('ouachita', 'louisiana'),
('pearl', 'louisiana'),
('pearl', 'michigan'),
('pecos', 'new mexico'),
('pecos', 'texas'),
('potomac', 'district of columbia'),
('potomac', 'maryland'),
('potomac', 'virginia'),
('potomac', 'west virginia'),
('powder', 'montana'),
('powder', 'wyoming'),
('red', 'arkansas'),
('red', 'louisiana'),
('red', 'new mexico'),
('red', 'oklahoma'),
('red', 'texas'),
('republican', 'colorado'),
('republican', 'kansas'),
('republican', 'nebraska'),
('rio grande', 'colorado'),
('rio grande', 'new mexico'),
('rio grande', 'texas'),
('roanoke', 'north carolina'),
('roanoke', 'virginia'),
('rock', 'illinois'),
('rock', 'wisconsin'),
('san juan', 'colorado'),
('san juan', 'new mexico'),
('san juan', 'utah'),
('smoky hill', 'colorado'),
('smoky hill', 'kansas'),
('snake', 'idaho'),
('snake', 'oregon'),
('snake', 'washington'),
('snake', 'wyoming'),
('south platte', 'colorado'),
('south platte', 'nebraska'),
('st. francis', 'arkansas'),
('st. francis', 'missouri'),
('tennessee', 'alabama'),
('tennessee', 'kentucky'),
('tennessee', 'tennessee'),
('tombigbee', 'alabama'),
('tombigbee', 'mississippi'),
('wabash', 'illinois'),
('wabash', 'indiana'),
('wabash', 'ohio'),
('washita', 'oklahoma'),
('washita', 'texas'),
('wateree catawba', 'north carolina'),
('wateree catawba', 'south carolina'),
('white', 'arkansas'),
('white', 'missouri'),
('yellowstone', 'montana'),
('yellowstone', 'north dakota'),
('yellowstone', 'wyoming');

/*!40101 SET CHARACTER_SET_CLIENT=@OLD_CHARACTER_SET_CLIENT */;
/*!40101 SET CHARACTER_SET_RESULTS=@OLD_CHARACTER_SET_RESULTS */;
/*!40101 SET COLLATION_CONNECTION=@OLD_COLLATION_CONNECTION */;
